dia,precio_qchaucoin,demanda,inflacion,dP_dt
0,1.0,0.01,0.004,0.0025
1,1.0025,0.013318,0.004166,0.00375
2,1.00625,0.016544,0.004332,0.004725
3,1.010975,0.019589,0.004495,0.005427
4,1.016402,0.022367,0.004654,0.005859
5,1.022261,0.024804,0.004809,0.006028
6,1.028289,0.026829,0.004959,0.005945
7,1.034234,0.028389,0.005102,0.005626
8,1.03986,0.029439,0.005237,0.005089
9,1.044949,0.02995,0.005363,0.004359
10,1.049308,0.029908,0.00548,0.003464
11,1.052772,0.029315,0.005587,0.002434
12,1.055205,0.028186,0.005683,0.001303
13,1.056509,0.026553,0.005767,0.000107
14,1.056616,0.024462,0.005839,-0.001116
15,1.0555,0.021969,0.005898,-0.00233
16,1.05317,0.019145,0.005944,-0.003498
17,1.049671,0.016068,0.005976,-0.004586
18,1.045086,0.012822,0.005995,-0.005559
19,1.039526,0.009499,0.006,-0.00639
20,1.033136,0.006189,0.005991,-0.007054
21,1.026082,0.002984,0.005968,-0.007529
22,1.018553,-2.6e-05,0.005931,-0.007802
23,1.010751,-0.002758,0.005882,-0.007863
24,1.002888,-0.005136,0.005819,-0.007709
25,0.995179,-0.007095,0.005743,-0.007342
26,0.987837,-0.00858,0.005655,-0.006771
27,0.981066,-0.009551,0.005556,-0.006012
28,0.975054,-0.009979,0.005446,-0.005083
29,0.969971,-0.009854,0.005326,-0.004009
30,0.965962,-0.009178,0.005197,-0.002819
31,0.963143,-0.007972,0.005059,-0.001545
32,0.961598,-0.006267,0.004915,-0.00022
33,0.961378,-0.004111,0.004763,0.001118
34,0.962497,-0.001564,0.004607,0.002435
35,0.964932,0.001303,0.004446,0.003695
36,0.968627,0.004412,0.004282,0.004862
37,0.973488,0.007675,0.004116,0.005906
38,0.979394,0.011003,0.00395,0.006798
39,0.986192,0.014302,0.003784,0.007514
40,0.993706,0.017483,0.003619,0.008034
41,1.001741,0.020456,0.003457,0.008345
42,1.010086,0.02314,0.003298,0.008438
43,1.018523,0.025459,0.003145,0.00831
44,1.026833,0.02735,0.002997,0.007964
45,1.034797,0.02876,0.002857,0.007412
46,1.042209,0.02965,0.002724,0.006667
47,1.048876,0.029996,0.0026,0.00575
48,1.054626,0.029787,0.002486,0.004686
49,1.059311,0.02903,0.002383,0.003503
50,1.062815,0.027746,0.00229,0.002236
51,1.06505,0.02597,0.00221,0.000917
52,1.065967,0.023751,0.002142,-0.000417
53,1.06555,0.021151,0.002087,-0.001731
54,1.063819,0.018242,0.002045,-0.002988
55,1.060831,0.015105,0.002017,-0.004154
56,1.056677,0.011826,0.002002,-0.005199
57,1.051478,0.008497,0.002001,-0.006094
58,1.045384,0.005209,0.002015,-0.006815
59,1.038569,0.002054,0.002042,-0.007344
60,1.031225,-0.00088,0.002082,-0.007666
61,1.023559,-0.003514,0.002136,-0.007775
62,1.015784,-0.005772,0.002203,-0.007668
63,1.008116,-0.007594,0.002282,-0.007349
64,1.000767,-0.008928,0.002373,-0.006828
65,0.993938,-0.009737,0.002476,-0.006121
66,0.987817,-0.01,0.002589,-0.005249
67,0.982568,-0.009708,0.002712,-0.004236
68,0.978333,-0.00887,0.002844,-0.003111
69,0.975222,-0.007509,0.002983,-0.001907
70,0.973314,-0.005663,0.00313,-0.000659
71,0.972655,-0.003383,0.003283,0.000599
72,0.973255,-0.000731,0.003441,0.001831
73,0.975086,0.002217,0.003603,0.003002
74,0.978087,0.005381,0.003767,0.004078
75,0.982166,0.008674,0.003934,0.00503
76,0.987196,0.012003,0.0041,0.005831
77,0.993027,0.015276,0.004266,0.006457
78,0.999484,0.018403,0.00443,0.006892
79,1.006376,0.021298,0.004591,0.007123
80,1.013499,0.023879,0.004748,0.007142
81,1.020641,0.026076,0.0049,0.006951
82,1.027592,0.027827,0.005046,0.006554
83,1.034146,0.029084,0.005184,0.005962
84,1.040108,0.029812,0.005314,0.005192
85,1.0453,0.029991,0.005435,0.004265
86,1.049565,0.029616,0.005546,0.003208
87,1.052773,0.028698,0.005646,0.00205
88,1.054823,0.027261,0.005735,0.000824
89,1.055647,0.025346,0.005812,-0.000435
90,1.055212,0.023006,0.005876,-0.001692
91,1.05352,0.020305,0.005927,-0.002911
92,1.050609,0.017319,0.005965,-0.004058
93,1.046551,0.014129,0.005989,-0.0051
94,1.041451,0.010826,0.006,-0.006007
95,1.035444,0.007499,0.005996,-0.006752
96,1.028692,0.004242,0.005979,-0.007315
97,1.021376,0.001144,0.005948,-0.007679
98,1.013697,-0.001708,0.005903,-0.007832
99,1.005865,-0.004236,0.005845,-0.007769
100,0.998096,-0.006369,0.005775,-0.007491
101,0.990605,-0.008049,0.005692,-0.007004
102,0.9836,-0.009228,0.005597,-0.006321
103,0.977279,-0.009874,0.005491,-0.00546
104,0.97182,-0.00997,0.005375,-0.004442
105,0.967377,-0.009513,0.005249,-0.003297
106,0.96408,-0.008514,0.005115,-0.002054
107,0.962027,-0.007002,0.004973,-0.000746
108,0.961281,-0.00502,0.004824,0.00059
109,0.961871,-0.002621,0.00467,0.00192
110,0.963791,0.000128,0.004511,0.003205
111,0.966996,0.00315,0.004348,0.004413
112,0.971409,0.006363,0.004183,0.005509
113,0.976917,0.009676,0.004016,0.006464
114,0.983382,0.012998,0.00385,0.007253
115,0.990634,0.016236,0.003684,0.007853
116,0.998487,0.019303,0.003521,0.008248
117,1.006735,0.022111,0.003361,0.008428
118,1.015163,0.024583,0.003205,0.008387
119,1.02355,0.026652,0.003055,0.008128
120,1.031678,0.028259,0.002912,0.007656
121,1.039335,0.02936,0.002776,0.006986
122,1.04632,0.029924,0.002649,0.006134
123,1.052455,0.029937,0.002531,0.005125
124,1.05758,0.029396,0.002423,0.003987
125,1.061566,0.028319,0.002326,0.002749
126,1.064315,0.026733,0.002241,0.001446
127,1.065761,0.024684,0.002168,0.000113
128,1.065875,0.022228,0.002107,-0.001213
129,1.064662,0.019433,0.00206,-0.002496
130,1.062166,0.016376,0.002026,-0.003703
131,1.058463,0.013143,0.002006,-0.004799
132,1.053664,0.009823,0.002,-0.005757
133,1.047907,0.006508,0.002008,-0.00655
134,1.041357,0.003289,0.002029,-0.007157
135,1.0342,0.000257,0.002064,-0.007563
136,1.026637,-0.002506,0.002113,-0.007758
137,1.018879,-0.004922,0.002175,-0.007736
138,1.011143,-0.006924,0.002249,-0.007501
139,1.003642,-0.008458,0.002336,-0.007059
140,0.996583,-0.00948,0.002434,-0.006424
141,0.990159,-0.009962,0.002543,-0.005614
142,0.984544,-0.00989,0.002662,-0.004654
143,0.97989,-0.009268,0.00279,-0.00357
144,0.97632,-0.008112,0.002927,-0.002394
145,0.973926,-0.006453,0.003071,-0.001159
146,0.972767,-0.004339,0.003222,9.9e-05
147,0.972866,-0.001827,0.003378,0.001346
148,0.974212,0.001012,0.003538,0.002545
149,0.976757,0.004101,0.003702,0.003663
150,0.98042,0.007353,0.003867,0.004668
151,0.985088,0.010678,0.004034,0.005532
152,0.99062,0.013985,0.0042,0.00623
153,0.99685,0.017181,0.004365,0.006743
154,1.003593,0.020178,0.004528,0.007056
155,1.010648,0.022893,0.004686,0.00716
156,1.017808,0.025251,0.00484,0.007052
157,1.024861,0.027186,0.004988,0.006736
158,1.031597,0.028645,0.00513,0.00622
159,1.037817,0.029587,0.005263,0.005518
160,1.043335,0.029986,0.005388,0.004651
161,1.047987,0.029832,0.005503,0.003643
162,1.051629,0.029128,0.005608,0.002521
163,1.05415,0.027893,0.005701,0.001318
164,1.055469,0.026163,0.005783,6.8e-05
165,1.055537,0.023985,0.005852,-0.001194
166,1.054343,0.021419,0.005908,-0.002433
167,1.05191,0.018537,0.005952,-0.003612
168,1.048298,0.015418,0.005981,-0.0047
169,1.043599,0.012149,0.005997,-0.005664
170,1.037935,0.008821,0.005999,-0.006476
171,1.031459,0.005525,0.005987,-0.007114
172,1.024344,0.002353,0.005962,-0.007559
173,1.016785,-0.000607,0.005922,-0.007797
174,1.008989,-0.003273,0.00587,-0.00782
175,1.001168,-0.005571,0.005804,-0.007627
176,0.993541,-0.007437,0.005726,-0.007222
177,0.986318,-0.008821,0.005636,-0.006616
178,0.979703,-0.009682,0.005535,-0.005823
179,0.97388,-0.009999,0.005423,-0.004865
180,0.969015,-0.009761,0.005301,-0.003767
